Metabolon_Metabolite_ID,HARV_21560,HARV_21561,HARV_21562,HARV_21563,HARV_21564,HARV_21565,HARV_21566,HARV_21567,HARV_21568,HARV_21569,HARV_21570,HARV_21571,HARV_21572,HARV_21573,HARV_21574,HARV_21575,HARV_21576,HARV_21577,HARV_21578,HARV_21579,HARV_21580,HARV_21581,HARV_21582,HARV_21583,HARV_21584,HARV_21585,HARV_21586,HARV_21587,HARV_21588,HARV_21589,HARV_21590,HARV_21591,HARV_21592,HARV_21593,HARV_21594,HARV_21595,HARV_21596,HARV_21597,HARV_21598,HARV_21599,HARV_21600,HARV_21601,HARV_21602,HARV_21603,HARV_21604,HARV_21605,HARV_21606,HARV_21607
504,134503,78941,,1890917,3022943,1658506,1327713,3748174,1359949,,,,,90975,,,155318,,1679346,4294222,1686971,1731380,3165615,1886915,108169,,,4668329,1487788,3877871,3807876,1651910,4470725,,,,188685,,114882,130546,,157493,4454869,2930192,3606126,3755771,1616238,3751699
353,,,,385909,110522,237792,302813,115587,306917,,,,,,,,,,91882,495236,96824,100595,48596,141880,,,,318121,175808,161815,119390,218226,244997,,,,,,,,,,81934,227639,206893,96088,108795,
305,,,,461446,144050,256305,333741,128509,324965,,,,,,,,,,108481,368662,102387,109334,46492,133490,,,,436073,181480,283641,221283,199431,244555,,,,,,,,,,94671,239033,148814,60015,108251,
139,,,,757983,290259,452593,594209,273140,569874,,,,,,,,,,219726,932136,223644,198345,123887,255239,,,,1006737,327547,581232,402445,427794,611697,,,,,,,,,,204851,476772,402212,172148,210674,79998
157,,,,194415,70023,115253,144228,73529,162436,,,,,,,,,,56971,262576,53189,40332,32090,54780,,,,275550,85779,121120,102945,90156,147819,,,,,,,,,,47317,134534,92935,28936,40438,
376,,,,409898,150247,230661,323518,99541,462000,,,,,,,,,,157738,558287,93490,120496,69019,164796,,,,386061,189584,185880,148202,151952,191232,,,,,,,,,,96179,262528,185463,58877,127214,29012
86,203873,187413,,201015,364708,139273,219418,420437,214775,,,,163606,203411,109855,90768,202396,,177241,253047,169528,156951,251258,157198,198214,,,340782,221792,392159,382380,200784,424042,83390,,,272972,145324,223221,211241,150365,226039,312351,190218,267274,261416,229870,267212
87,257629,269941,,284163,601287,227793,253535,605718,282910,107799,145485,,185592,235697,128225,183356,243608,121282,222005,527636,231924,151878,384476,264270,284164,,,607763,259460,600423,657215,307110,618707,,,,348590,192329,292269,344242,253120,281333,567525,266864,426884,425413,234836,438869
68,1358604,1122887,,1443211,7965011,1049276,1749731,10686899,1137389,,,,,2604518,,,3683209,401394,709994,4221261,979791,954855,5031839,1081059,1426508,,,8871004,2665763,6925718,10136767,1756121,13540872,,,,4504573,304987,2736995,2578576,495988,3348147,6587829,1101803,5730914,3739213,786810,4693018
4173,,,,144023,1486636,519209,409498,1403370,354282,,,,,372328,,,497483,,649300,988231,317301,1079635,743183,636177,,,,1170352,363486,1219100,1257613,456296,1314656,,,,678573,,412453,437125,,478337,905421,1123421,867337,1342146,651032,723655
2505,767063,620615,,326289,118203,221243,224329,,340143,536710,616143,,565384,,606803,490662,,590478,346741,,267841,355142,,394891,468983,,,,180922,,,204687,,501610,,,,511647,,,531022,,,363138,,,336151,
2184,629068,634348,254298,1088700,1306334,1144331,838557,1083019,1298653,673821,617322,240906,1105463,640050,819584,580748,805805,676683,1116385,859931,954213,946789,751742,897500,385533,266512,268657,1000430,640447,746098,932423,702147,840122,646306,,210686,835360,607830,510741,596249,503586,678974,887090,1224904,955782,717973,701818,641319
2494,1897580,1788501,,1019551,584800,1086236,1022076,538747,1231875,1658493,1567574,,1805699,136362,1694169,1505712,231065,1705498,1088761,456209,1102276,1003187,483832,1091858,1309298,,,452572,817306,397245,470395,799574,406387,1476130,,,197823,1616041,186076,204853,1535409,229317,556958,1175183,472574,448415,1139962,440870
90,,,,276691,99038,261762,285923,81405,247170,,,,,,,,,,276293,122020,369011,268523,140941,396687,,,,122940,308668,88117,107011,368221,135453,,,,,,,,,,138548,401677,130287,82561,422327,97392
2224,613737,606454,224280,801884,440747,1039688,770457,500921,1293854,725025,622365,278147,1182056,,792952,568670,349203,572419,842324,710019,895003,788826,291904,893381,340363,238379,287689,206935,551690,357964,560294,502384,320167,543215,220689,204311,346979,612886,218960,249945,565533,297387,380909,1013307,992230,443680,595847,306587
2221,542892,582185,,513798,840625,416263,500588,559039,656514,424732,435129,,519089,309231,381140,360687,332760,426429,520189,307783,584780,506591,,318218,258900,,,401564,292850,413765,538316,317175,557231,391239,,,406586,441996,,,402376,256534,432040,595866,317818,258796,260615,259899
2503,1541265,1364000,,916049,545782,896948,763873,416815,1355797,1400811,1240441,,1429587,,1216268,1189905,89087,1426854,760225,343976,753244,645021,399109,760995,1066413,,,493908,690432,508933,429727,706879,454196,1288952,,,166528,1121225,,,912953,,369754,773684,386988,262518,827032,298593
4123,,,,,4674670,155997,95919,6765273,104556,,,,,,,,,,,1331352,,,977624,,,,,7354021,,6839069,7984305,117039,8390730,,,,,,,,,50237,2130163,,1303120,1028508,,822063
4098,45155,,,105064,170980,104441,86164,182615,110184,,,,17615,39030,,,37473,,23716,154440,,31187,113504,,47504,,,147998,75699,176885,168462,76789,209771,,,,67067,,42353,38381,,40196,165431,40600,142075,112247,,109855
4124,,,,629727,1420898,498668,531297,1942360,602175,,,,,,,,60712,,416245,1342352,406316,413250,960931,428307,59303,,,1911322,523323,1651601,1791845,578889,1971718,,,,102348,,,78136,,75917,1599380,642479,1283784,1184427,399872,1110488
1593,261930,408439,,842580,761327,869901,646984,732899,949752,151443,111724,,159431,233432,119241,116212,336531,142417,535874,957355,599707,709307,732426,750444,208448,,,1018090,726535,780170,896760,886940,913811,202718,,,284409,64628,320550,220762,214701,191504,902251,875890,739117,383299,666065,425593
357,,,,1027704,412256,535693,368178,602065,431939,,,,,,,,,,698359,187338,344722,135732,410274,,,,,369923,1123146,320650,409527,760205,498033,,,,,,,,,,477553,1328381,528712,309915,311931,459277
4206,174838,167007,,192622,244440,193821,180039,280653,243058,86776,66802,,118026,96024,74447,84157,82360,121976,100973,162106,90887,89397,169489,99807,209709,,,239759,177982,235574,266292,175780,298387,86823,,,128938,99775,80088,88894,101248,104644,176053,100493,161153,138525,108589,136447
446,5933305,6021464,,7117498,176146,7719790,5941878,95053,5960953,4010016,3985834,,3749895,33762,3863015,3815689,,4675172,3749661,274839,3303314,3966886,299775,4858543,6626092,,,163873,4935384,90278,132521,5684720,128030,3504368,,,,3374494,,56643,5191365,90035,217008,4078061,245849,268900,3829848,238487
171,426780,428462,,1533318,1321235,1230902,1439319,1783125,1436800,199665,174352,,263142,343656,238587,182713,447558,258164,1085384,1100430,918190,993198,954165,1033741,447885,,,1839666,1174811,1512919,1542137,1401562,2005768,181476,,,662703,238159,414478,407906,220640,497121,1196469,1268964,946356,861678,1138024,989608
444,585461,674448,,585692,373168,680950,654074,362924,569304,318053,435145,47238,485034,124181,380808,392730,,470374,389564,196816,358899,472121,124800,386831,439097,,,225026,466376,277149,212194,588200,364429,269366,,,103026,312137,70465,63320,421199,158137,141403,473846,143135,210159,415438,133201
4140,,,,974939,451538,916803,781512,1374942,1704334,,,,,,,,,,4180449,2770347,4329045,3919047,5384228,4352598,,,,778457,1417506,811983,574893,1473898,864263,,,,,,,,,,4874109,4521851,4915751,4620112,4456261,5570203
363,,,,195842,145965,200806,204858,145126,160183,,,,,,,,,,140431,237345,135299,183352,317289,179094,,,,98303,168243,182700,146502,183124,175505,,,,,,,,,,298190,163827,202423,218199,201894,253028
3059,,441417,,938324,1092217,696780,938886,1329062,1162057,,,,304852,399655,158294,,420623,,888161,1429019,660427,769495,1021511,602395,247042,,,1072760,682667,1156364,1186754,723107,1364029,,,,424794,,263519,420428,,316936,812449,718441,1036996,823547,547162,677945
1855,,,,365701,153057,463030,505262,224353,329111,,,,,,,,,,240338,372386,216567,398073,139332,460409,,,,218319,216984,201221,185423,373452,220306,,,,,,,,,77200,234762,248192,262063,139130,247002,118798
383,231294,,,1395905,595776,1012396,1059212,917143,1687106,,,,,,,,141353,,1041384,1408130,884208,842962,1149321,1023960,,,,831731,1169943,679893,710674,1220596,1224933,,,,92749,,,,,,1278644,1196869,1247715,1293264,1015174,1402125
5011,89983,76520,,103148,22811,109873,91996,30542,98105,54215,78957,,79183,,92329,,,93174,71415,,94958,98174,,97829,72791,,,32495,,25270,31223,87355,,53192,,,,71018,,,78920,,25373,79884,,,74937,28854
378,125141,136820,,3778136,934984,3052825,3668455,1251397,3751456,83746,,,84671,110812,79195,63989,132814,,2737286,1434946,3081459,2696253,687880,3022610,147414,,,1501511,3669949,1119094,1197764,3830078,1452368,54369,,,192026,77565,142047,97584,71007,163657,865983,3627283,1154463,725660,3262643,689963
354,844196,,770710,16169107,3847961,11673251,15287957,4331175,14799648,,,,714495,2471130,,,,,11923531,6425804,12110872,11952106,3179550,13402650,,665239,,6416385,14378846,4206004,3503336,15569481,4243046,2435071,,,,484050,,896180,842236,,5065446,16080933,5743469,3253657,16212674,2972023
69,410503,836761,,795477,4592014,589505,1052791,3348830,,,,,,1059038,,,943355,227419,,2930579,204333,463784,1714426,278964,471486,,,3152073,560603,5920490,3109011,628379,3546943,,,,1189031,,653876,707195,,1069641,4470018,879743,1637900,2794544,288998,2232943
4101,,,,4457845,2232681,3478144,2834648,2574144,3584918,,,,,,,,,,5128393,5213937,5479322,5894183,2596417,5494351,,,,3742161,2368090,3531397,3051206,2439199,4514572,,,,,,,87147,,40425,3571485,8784443,3128570,2067490,6607061,2144733
514,564010,577696,,2785595,2575150,2527835,2454610,2561075,2514705,357321,140397,,339239,627013,224009,299670,531669,328322,3447876,1541252,4168459,4371163,2705244,4376257,510752,,,2592304,3257232,2344727,2731647,3045459,2785534,220838,,174594,992825,339137,704327,779190,448138,792559,2416020,4448023,2202168,2807050,4933614,2288576
5884,180266,185904,181469,166769,163947,168427,181552,176550,209386,209023,190126,162497,155431,153784,116074,200514,212918,182459,207986,171640,187625,219309,177218,190656,191861,211104,196543,191761,151647,140853,222010,189871,192830,180225,171521,140408,186268,159688,138922,174113,242105,216328,202301,209248,214622,163265,207932,214113
4366,49873,46195,,60705,,41984,65757,,65364,39844,46616,,43762,,34360,29931,,37768,41890,,35737,51897,,50913,54402,,,,55769,,,66021,22126,38266,,,,34853,,,40780,,,44021,,,70523,
517,1544777,1552115,,4102347,2645160,3224203,3283688,2508450,3773713,838960,1080724,,1184669,101365,947819,1033740,163253,1246212,3384219,1203282,3316562,3412858,1549820,3822715,1525422,,,3793045,3461609,2369681,2954327,3923996,2553791,825783,,,359091,876653,354478,561951,1444905,278902,1801866,4340399,1517610,1458422,4154433,1274984
166,131241,215244,,716342,291863,620324,669895,219717,646823,117452,,,82892,,98288,95448,,112972,668691,296166,676971,625329,309504,809745,122196,,,233525,570023,223637,200071,659449,226495,121042,,,,85084,,,124651,58507,266358,828173,304213,229298,878143,341883
91,200875,219299,,1321309,265894,1081336,1156186,243022,1237836,111764,139113,,136842,,58818,125334,68516,133890,1550781,179257,1659882,1675759,222841,1661435,197231,,,190533,1496107,210294,219230,1544630,273073,143364,,,,151696,,,153056,,254485,1804101,219435,212564,1881485,196467
307,409164,,,17759628,2848748,13850117,17633464,3020496,17901368,,,,,424334,,,594617,,14908398,,15012005,13466900,2498359,14813443,618034,,,5082138,16838006,3962468,2908470,18712864,3431568,,,,,,,451343,295209,,3709407,16615351,3983108,2104378,19730948,1953715
4116,,,,,435495,,,632821,,,,,,,,,,,,104586,,,81326,,,,,650860,,475443,695454,,705771,,,,,,,,,,119381,,130013,,,73502
510,,,,1103525,,701515,724316,106425,611118,,,,,,,,,,992289,86922,1080842,1103029,,1177862,,,,111175,663139,,80651,695351,94794,,,,,,,,,,83434,1208688,73595,,961339,
533,15830976,15592773,,43245284,19526634,41731416,47345340,22709986,49749632,4358940,4577434,,8318281,1031118,4818397,5544211,1295707,7877844,32424616,5935829,28146272,33357660,4876308,34088840,16374296,121803,,21279752,46131032,21455368,21119606,48317024,21147396,4475506,,,3963674,5589847,1681316,7357080,7355130,3523811,9366411,31944624,6055832,7744298,37531984,5223779
4050,201887,,,733180,1451204,589300,779799,1686551,931641,,,,,170997,,,130368,,755444,1563324,764936,626134,1213181,762373,117260,87190,,1961602,871155,1546633,1966831,992973,2114135,,,,259181,92822,206202,258979,,201955,1464636,895244,1400541,1017135,860472,1165248
1765,475375,651778,,15993501,2943839,10175467,13566071,7135850,13255514,,,,340567,1059655,440234,,889860,,4811137,4017718,5970176,5709730,2051328,5471930,558708,,,7758543,10398583,6402590,6720207,12604602,6936010,,,387535,1204196,469926,641757,637006,,850237,2520249,10268336,2894153,2867269,5360898,1589619
1375,1567696,1398113,257576,5023937,588202,4030509,5321247,1103237,4938360,1538802,1418938,284408,1664172,577621,1612594,1647327,297512,1629994,5606142,1114646,5357171,5551248,564919,7109999,1653889,,339655,760686,4478950,993803,704664,5111089,939843,1564061,244763,,451853,1024886,648577,340308,1712926,363729,548528,6137286,719100,908999,5967650,516429
28,322966720,319947744,498179,1966339968,597936576,1915417600,1936043776,623661888,1965154816,146430128,146173120,361026,169494496,106840360,161399584,145939040,114458632,170141024,1807620736,839959680,1899509760,1921804800,730702464,1991485440,324992608,368249,545604,690414592,2130809472,727046656,619773440,2107460992,671880512,139036448,659181,501381,152535584,153005536,100601824,142491600,165227728,134124976,738116736,2153285376,821989504,716866816,1849175424,641281728
3997,193022,223839,,300505,708445,269834,286787,877451,316862,77797,72663,,117167,249333,98526,100636,298788,116958,124268,476863,111593,131692,444914,118382,200825,,,626390,193709,623093,686122,214714,849092,64780,,,368593,79488,265933,254796,77497,302714,512056,173859,429021,382997,112384,414434
379,134987,223272,,570192,588234,352665,493684,630320,540010,61627,61478,,111968,176862,87465,34943,170457,96574,214948,732870,229651,209298,371617,261237,135751,,,916764,305344,618349,646037,345913,851769,55031,,,233010,79310,158427,193365,83146,180959,447645,396953,425245,332008,238329,306664
44,152361,143819,,809499,213040,1181133,906066,257054,1265293,61548,79032,,86586,40584,76131,113784,41984,108577,580211,131856,621269,512714,154343,743222,184649,,,195700,1023348,212299,199849,755482,242454,,,,54328,90097,38584,70262,129877,51855,177485,690050,148291,131719,684224,127316
1379,275167,326569,,7744292,2860196,5653808,7657022,3498365,9751635,293094,209625,24138,288027,138536,271938,187287,147060,293269,6775067,7497534,7524714,8040956,4061462,7344492,197378,,,3969999,5390977,3316416,3304811,6147688,4450938,219763,,,143316,222609,109443,107789,250503,106704,3537408,6642930,4604693,3116949,5949991,2537893
4214,3171363,3281643,,2051508,365826,1925439,1706850,358433,2616358,3574866,3378722,,2248281,,2403816,2105462,,2207405,1762770,,1786887,1676659,245451,1567593,3534968,,,,2059724,257509,199276,1666718,314017,3289258,,,173399,2458071,,,2467425,196728,,1632167,187718,241295,1868232,
4215,1472236,1382882,,708285,,661010,593225,,828982,758264,664696,,764521,,790574,762904,,655324,603227,,492656,643355,,860609,994675,,,,635610,,,622930,,864645,,,,783539,,,728004,,,471778,,,734167,
1223,1244602,973136,1359591,1739188,1524897,1616997,1944136,1159960,2164570,1093038,870593,2103627,1018856,1416372,1006642,854093,1238177,1195811,1886063,1652621,1776017,2090065,1842247,1662109,1001551,1476543,1299965,1441231,1503369,1242865,1238513,1516174,1172904,581794,1578953,1541278,1090068,648271,1340527,1458506,951427,1445121,1902177,1497499,1550243,1700106,1864382,1417252
1448,5896141,5492215,5671373,7006610,6086444,5833276,6699355,4768027,6763183,6115136,7650531,6887709,8482870,10351281,8392742,5986558,6885594,7641237,7744716,9310458,9875428,9238489,7231913,7259198,8137539,7492530,8743011,15367573,12605757,12770794,13619066,10987258,6833169,7870190,7150058,10558871,11974785,11982555,9885123,10668124,6074980,4235322,8852618,11073304,9584802,9347122,10376105,8670974
1504,433905,432381,,555573,225275,371892,506162,223334,633389,167663,407621,,419676,,412883,388288,,506444,627856,211443,561452,712492,147203,728627,478063,65264,,232288,428325,141051,233013,507683,236567,436009,,31718,,333408,,,627646,,188615,535175,226494,,901052,212469
438,2515717888,2528643072,1983271,2262598656,463353920,2280175360,2422414336,455677856,2301738752,2626495488,2494513920,,2554440960,168474304,2627888128,2567939840,194201664,2785181696,2224882944,904233664,2087312640,2245619968,1043943168,2340092160,2516866816,,2151937,446276480,2480384000,495214688,426296832,2533834240,443654752,2568029184,1119783,1482274,227907744,2647942400,162784816,165191008,2716555264,205192976,1031938368,2361626624,1154957312,1062508544,2355503104,943919104
39,182113600,174885280,148506,189305456,66553824,198682592,185240688,74520600,178294352,181535872,181581616,103164,169988768,6217704,175540736,171585520,7174413,196996208,190168288,65164056,194873168,190608880,59727960,204173360,182427184,143761,117567,77181736,216766016,80725448,80954000,210584880,80626992,186041040,139545,116993,8828805,185982976,5788026,6221671,193444800,7449428,68427648,216555696,59636004,57177096,205014512,64428616
35,96924872,94673680,223092,36929108,18083568,42206904,46246160,19212810,46030520,97902760,96408984,209710,92946952,3888206,94259952,91573968,4587678,105375376,42066448,20660536,58185784,65578324,24774308,55461288,99401032,277467,192821,15720932,40846768,21149252,21031328,48931992,18814328,98238680,209315,228733,5574217,100152744,4335162,4403208,103499944,4646001,31710662,56588492,28596752,31776862,60662524,24438608
4102,20506430,18913048,,28883696,2051171,23408294,23832606,1203737,22012644,19809140,19772680,,18972864,,19634948,18529596,,22516584,24471350,2349820,21494768,25792096,2580315,25270788,19464556,,,2000428,26554492,2867292,2174668,27975196,1785288,20212352,95013,,,19736316,413585,,21354998,,2801700,24932860,3705654,5301008,27672892,2719044
327,135794,126866,,211725,137121,185279,228680,165542,263520,97837,84787,,184236,80382,,115747,93046,165394,240892,147614,198215,204435,189950,236434,160685,,,147441,226994,131329,140000,226749,176878,80384,,,122918,120058,88847,316164,140972,124941,198901,226692,185018,324907,251392,176012
6,10848586,10120381,,57658636,48172432,42953440,58246044,56337824,60520272,10270835,4176006,,5955311,11093380,4292386,4387681,14134398,6500335,74684288,56046488,74505032,65192400,62657368,82872440,10343773,,422679,52672244,60197900,46682036,52890868,63327744,61445988,3494792,,,17130336,4375230,11241375,14654056,6063195,14817227,64313772,83607472,56309060,52074588,79330368,50987080
4238,10528101,9605296,,9061349,569711,9086473,9127277,624504,8202613,9158941,9529611,,8660087,194575,8963127,8726759,196420,11463913,9259110,339197,11150906,10271416,355983,12017899,10566639,,,626234,11310459,643099,603485,11138770,720018,10115219,,,262141,10150181,158389,194378,10741063,217004,514527,11416475,365947,379128,11582598,370348
1418,,619545,,670237,618648,,1275438,235105,635836,1489864,1582145,232700,1583559,,1635129,704334,217632,1241061,679732,478722,,1411075,761953,1153947,,,,256444,1086902,340661,423625,1034070,209427,,300204,,169196,512506,,,1345476,210841,585164,693715,258779,304077,890930,
1849,221316960,222132880,447425,219066880,48653756,232781920,228814288,50610712,221773344,202817648,202793840,322340,210257728,14384516,205280704,200808672,16743579,220685904,229100992,29409726,245090976,230589632,27749808,241433216,221750704,523844,570801,43770796,237549024,47383432,48417584,234974048,49598148,202303760,,304244,20940434,212179152,12732031,14897503,216658432,17235264,38024496,242955504,30981834,28960978,233324624,27400838
79,697901,555432,,864804,1984641,752047,713718,2342513,577721,188809,266951,,254032,821534,213196,260771,844573,434486,472258,982497,533270,530819,1189937,742683,679083,,,1865613,810799,1949676,1971144,887342,2190077,356681,,,999776,266871,763458,722052,413823,984520,1401319,695916,1081024,1045278,554363,1142331
3321,250252,253188,,251968,28474,215139,243875,,238227,265121,275662,,220755,31117,250090,241733,,252791,221703,,245792,236992,,291213,267335,,,,273583,,,267276,,243457,,,,283983,,,278651,,,278506,,,279500,
2135,763941888,774400832,277007,695420096,84465312,712193920,707554944,86530368,705708672,777992704,751922752,228368,771055872,31963960,771953472,744293760,38755476,825127296,714046528,85047920,736557824,750334144,117158816,751531712,741663936,277803,187074,77535424,738050752,93910408,80493208,750969664,86709440,757632128,281632,228591,47914092,782393344,31107570,36190768,801737920,40268080,107693848,763238720,104165472,81822608,735946560,89571120
2136,,,,32442252,10377319,24302292,28573596,11155865,29706292,,,,,,,,,,28968266,15927709,30201464,29295348,16007069,32986930,,,,10762527,26968292,9973066,12752805,32859524,11194179,,,,,,,,,,17168516,33261132,17596212,25099464,29937574,14904480
1394,1311590,1157490,,1119381,230624,1187161,1148356,126409,1091672,1831544,1665277,65642,1784106,,1709034,1628846,71445,1693628,1407797,,1572217,1532950,,1556279,1227359,88748,,144746,1075002,121482,141106,1037832,137778,1535759,,48980,74035,1496746,79285,,1667813,60696,118864,1616865,97161,81450,1472596,84454
1373,8041372,6434611,101545,19171834,2228895,17367794,23739720,4206896,19172176,13829122,12338475,,15044567,,15241424,14757635,254996,13596352,24722512,3934656,25969204,24973236,1515629,38286340,9119181,,,3127168,19578786,2868083,3322486,24272730,5292861,12213242,116966,,452541,10998428,249496,231856,15958201,416457,2148726,27864184,2960683,1809952,27827896,1408213
447,731378,841648,242286,3817124,6595559,2872279,7879740,6737081,5266287,468797,1166120,223274,639954,3410212,601085,613231,3415633,550831,6907399,10127248,17475944,16587410,11995185,8106521,707193,243676,251524,7762628,4309512,6825231,8084998,6642909,7200991,695949,259287,253612,4260306,531775,4518643,3916178,697090,3733778,9813932,10361252,20535920,16085258,8266669,8429892
482,3554779,3300973,229864,88170128,119048696,67263960,64640448,134952720,79202848,1291259,1564104,233702,2395169,19696570,1315507,1363798,20509740,2247657,75319464,81603064,87649632,58233680,95937360,65503664,3552607,224033,206530,132642872,60524140,126567872,133229528,65112036,134451088,1382376,257131,246434,26970996,1602941,18129808,21650868,1742299,22224880,116956632,120312648,101863592,85308272,72251280,93261208
483,12559024,11955790,512469,13819044,39038268,12940908,14051099,43229848,16104757,5207425,5200494,421169,7104415,15691105,5174284,5270940,17141016,7838219,8088653,23667516,7606030,7830456,23729518,7887655,12671426,396491,409865,40515800,13992161,38607720,42306028,14460874,47060152,5424119,412706,399305,22241756,5751833,13928396,17365478,7180971,18437592,32221578,9977659,23536404,21260132,8934214,23615486
410,20819724,18062544,,14870154,718550,14401094,14520572,1142969,10350397,26885156,33380008,,27050888,391040,29529602,18266516,755969,23214564,18496388,678258,32132364,19832288,670346,22388642,23279744,,,841191,25899132,1187154,788846,20231616,1289716,24776106,,,1189468,25180524,609496,417741,23608928,695963,984841,32636562,1270457,1054296,26532548,1302837
416,3088173,2898244,,1579489,,1753454,1763038,,1942691,787495,612196,,1178571,,1281295,1406807,,1222063,671687,,693082,582277,,710995,2956190,,,,1583307,,,1743740,,844801,,,,1098779,,,1190061,,,676649,,,858529,
423,2787152,2542583,,227401,114697,288639,245401,84423,196612,2022873,2257051,,1782371,51938,2087008,2023535,87206,2313858,247105,105276,335393,344277,175189,352380,2751265,,,68854,221435,94618,79025,272024,110789,2195241,,,88366,2206935,70534,72728,2472315,64600,144823,313989,201674,184606,360947,232499
527,2237082,1992835,,,104108,,,147613,,1759043,1903594,,1828768,,1958704,1912436,,2265054,,80487,,,153219,,2375733,,,182691,,119164,181601,60333,208119,1731799,,,,2013451,,,2312621,,124071,,130190,74351,,178979
531,2704771,2466150,,11929737,1505832,12810585,11816962,2347069,10217352,900676,896677,,975456,,960598,1002210,,1209061,4842060,2141025,5235187,5776199,1649416,6314683,2799005,,,1921797,15882960,2503534,2009984,16674392,2394960,960591,,,,1216106,,,1225788,,2326029,5730920,2577289,2261042,5443334,1806522
417,54434724,61998580,,70052112,3304935,74643624,59905996,2025496,76571584,37735620,40635108,,41015276,402936,37779344,43414184,400774,75253504,70472520,1321872,47156140,76242064,1194338,75107456,60607148,,,1800781,61229832,3688494,1443498,70618192,1333770,40991720,,,472919,58447272,210417,337950,59168724,368302,1616993,72031648,1097292,1651203,80276192,1137900
4113,,,,316840,7813528,368666,308617,10501517,195880,,,,,,,,,,,886677,,,742136,,,,,10199645,171912,7955185,9745134,278358,8440320,,,,,,,,,,1235147,122816,670780,848567,74332,1485795
1848,277060,273657,,1678304,1416839,1614193,1131240,1272663,1856584,107942,752048,,569561,1067594,766986,,494077,519090,1348747,962276,779984,1123886,1408832,815733,568773,,,1453808,1104272,1177363,1336972,1795561,1321809,,,,561390,,174793,227932,615301,289529,1283643,1634923,1225797,1159294,1116262,997794
453,1070113,930181,,6257819,9517653,5177520,5813519,10613323,5907822,,,,475559,1599346,,,1515601,,6098846,10029290,5718016,6796031,8457671,6219695,526720,,,9967538,5224588,10717119,10356615,6393388,10401894,,,,2141068,,1116865,1488059,,1769299,10664290,8207299,9932712,9137380,6090879,7646777
1478,565410,398017,285507,534467,550468,514644,714570,407256,575533,417115,501880,359026,759420,460267,630884,532978,475400,500114,573492,587601,740198,645718,489453,700285,551653,337201,484358,572067,404103,547662,609020,694292,574925,416729,356332,546418,532366,474584,542602,513725,485886,198657,478919,595319,750356,496792,565788,574586
1365,9033697,7082433,4024783,11001756,10994813,9713064,10977733,11019388,14526292,6533905,4511267,4894947,7381691,6231209,5883033,5645161,6198178,7191714,7812825,10925492,7824077,7869565,8456245,8332243,9059776,4362244,3705484,11342036,9715768,10968310,11313553,10054383,12811874,4940877,4346992,4390829,7737508,5362967,6565993,7754272,6453787,7203463,10785090,8600041,9873001,9769624,9432378,9365767
4240,3022375,2674578,,2443624,102970,2627636,2770840,129818,2928223,2856595,2640499,,2763205,,2821771,2700771,27926,3207414,2837254,49775,3063571,2906506,51537,3171847,2969200,,,102052,2667366,99296,83481,2720757,117843,2430812,,,39409,2784384,,,3021783,34522,57391,3312493,35965,38564,3221090,44384
1283,5508372,4942595,10636429,3719398,14786033,3827470,3972853,16006201,4488045,19374176,4806493,3951304,6023165,5042854,6838205,4707597,4799485,6529952,3151597,8406732,3280922,3499380,7172156,3637772,6347774,10919513,10957350,13621608,3879049,16187951,14959611,3995652,15346382,5181114,3374402,3359806,5255355,4625747,4942476,4976326,4876509,5184359,7964867,3012178,7427749,6774723,3631769,6458919
114,270219872,307497120,,167067056,31454376,224027536,195866512,14149683,173057728,265782208,314956800,,241906160,11689482,277612768,242043520,10803309,241990400,209877120,16089750,193023824,208972864,54037680,244741536,235308864,,,4601983,112024488,5405464,5056327,142094832,10987411,205121968,,,9085378,140584448,6165530,8189643,234502640,17316324,24842656,188343488,20253148,21062028,129826400,28048126
1383,,81595,,704883,345211,643458,801482,397531,948927,,,,,,,,90852,115479,671318,1308602,635598,697901,505215,689491,91965,,,503724,831064,458351,449311,817533,610907,,,,105673,,85718,54963,106482,66755,547658,752841,753705,578355,699030,383092
593,,,,773002,,490162,716138,,630597,,,,,,,,,,1447110,89467,1747727,1681274,,1626568,,,,,987691,,,935034,,,,,,,,,,,86246,1770929,98366,157143,1839851,
594,,,,506194,,364905,502422,,424458,,,,,,,,,,1193075,47674,1319126,1330079,43627,1561478,,,,,467285,,,718252,,,,,,,,,,,75093,1326896,71309,,1047295,36798
588,244526,253777,,29057852,10210316,25781976,30020672,12204481,25533458,,,,94606,,,,59785,,25916676,8237207,29331096,24548740,10263327,28505080,253043,,,11841343,38319032,14190364,10481020,33700648,13013790,,,,87467,,56183,77564,,68766,14731695,27887044,10750910,10594197,25161810,10973790
591,,,,1111743,187497,857834,985882,159539,905557,,70173,,62676,,54929,81154,,107381,1474438,111822,1686367,1610560,129695,1846278,,,,167171,1141557,158135,,1364253,177573,82062,,,,112205,,,95472,,192141,1889527,,187074,1721841,129222
592,,,,558665,,427180,573833,,594396,,,,,,,,,,965213,88272,946087,1095461,84687,1260975,,,,59456,646827,73312,,661642,,,,,,,,,,,145620,1131797,,82524,1164203,
595,,,,3473625,673140,2891015,3622602,846639,2629333,,,,,,,,,,3838660,1385987,2667263,3611988,1578436,3260411,,,,778681,2433323,825214,763630,3830901,931996,,,,,,,,,,2141174,4684848,1769459,2029427,3758337,1906924
597,,,,1863839,154723,1408020,2068378,153666,2091688,,,,,,,,,,3758390,123476,3704614,4664879,103423,4585686,,,,146807,2058231,178844,141343,2295199,158951,,,,,,,,,,126849,4411849,108342,119265,4687753,123084
600,,,,1630233,376571,1257567,1617412,425309,1552911,,,,,,,,,,2571128,266402,2420451,2679990,266464,3173353,,,,301360,1847074,374232,421062,2111163,425118,,,,,,,49636,,,451629,2747910,309220,393471,2944574,235892
5194,2245037,1522680,,3334621,255072,3509237,1666980,609115,1041635,1718299,2442302,,1863313,,2091093,1468602,174224,2149894,1841108,137337,2222346,1604184,132524,1975195,1793201,,,207580,2565513,182172,267686,5682802,356194,1763371,,,142355,4488365,84333,,1517266,147409,210698,2447274,299820,354254,3934437,309812
4615,2900935,2675477,,2959266,165567,3009237,3406953,353720,3961126,2861726,2123824,132893,3136805,142747,3024531,2493238,194370,2703908,3384230,295653,4653422,3827469,292747,3979989,2507648,,,273532,2881613,326662,236954,3032125,322308,2049056,,124825,193838,2049897,184658,201421,2644197,150113,313526,4292396,392404,376217,4283266,250757
1163,668971584,670360000,316019296,661437760,356192480,688371584,710416576,383491456,681744896,675554496,688512000,358294176,720483968,332193792,699919040,679263616,332124032,736400960,657095104,379862656,644018944,611053504,457813824,652131008,693216448,334006080,325530944,332143744,678193216,353906816,356691072,688892800,351480256,681935936,308760640,309163264,326524224,724783232,343546816,322054240,724919424,340889408,395832288,663346304,427380640,476174496,669345664,430108704
1341,,,,327258,136889,302734,304430,141367,277548,,,,,,,,,,300597,174801,277285,315625,204088,328576,,,,170024,248358,146240,165279,221116,204546,,,,,,,,,,154683,337002,192530,161445,337373,169419
42,183040992,174923040,,369733248,100520248,330314432,393748384,150363504,340827936,166341328,166958864,,177475872,12624199,176857136,133667304,18516320,160811984,438065280,131907776,634637760,542746752,131899120,556631232,181209888,76952,116782,111484808,416934656,116563408,127564600,440538432,161015328,139909264,,,24913026,144617584,15797253,14172206,165210704,19803252,151604192,598338176,189769952,189201968,521826880,150376080
51,,191967,,1528036,180150,1261414,1034404,427834,954281,,149735,165995,76757,311232,168840,125861,,,1092508,302788,984468,1043915,425887,1060544,,,199810,486601,1126779,522413,489209,882014,166458,,,47010,206924,260677,,127387,132151,338623,409977,992001,376101,,817148,327347
43,239258432,230427888,,2485716992,655492736,2511581184,2499199488,722822912,2432001536,56698260,53910328,,89707288,47836192,74018600,69714320,54014036,88755712,2200649728,517597792,2176238848,2199722496,627082048,2286247168,237893200,,,675135872,2831355648,779691776,647760576,2783529472,689609152,56273552,,,68764096,76144048,43471264,61448552,85988792,62152760,748563776,2396517120,626244480,500410752,2258751488,575168640
1589,153152,101451,,111041,109803,,101080,70920,123703,89448,,,,,,90601,,,323967,281028,229179,292646,209544,221930,,,,88760,94656,65682,51846,101654,62201,,,,50739,,91147,38860,,,226981,268555,200895,200762,289193,153875
1183,1669627,1331954,251343,1992322,454359,1925380,2064621,501862,2140248,1321423,974008,229332,1301722,256554,1184513,1095829,287633,1382246,1684987,373647,2071776,1840985,345769,2032447,1493556,308136,302324,449564,1935262,430614,450513,2031802,458479,1066663,193000,176268,338602,1051000,307324,440891,1261871,320266,387466,2095715,365104,488151,2183852,368760
2732,,,,376612,43400,229674,242084,37083,319851,,,,,,,,,,258961,160366,251469,221774,,284815,,,,131949,251701,61691,69191,283875,108929,,,,,,,,,,39715,346236,73876,62365,318697,55377
2143,,,,142529,72895,103459,119148,115487,190587,,,,,,,,,,58635,121767,72329,78676,131922,62565,,,,104705,67551,84494,114613,91290,127473,,,,,,,,,,128397,96541,115994,118425,43138,105168
2139,2288924,2100193,,8930500,5129121,6885020,7741612,5284056,9120202,750773,1129969,,1650701,1139995,1784749,1262507,744118,1661197,4325644,3901636,4713103,4239854,4364240,4627986,2232942,,,5462164,6167039,4695831,5510181,7590470,5518682,,,,1308183,1027518,1001143,,1723577,1302974,5245114,6280427,3393574,4424558,4292683,4366106
1,96893752,95591176,627300,101613968,30451428,100585304,102492704,32478738,101715224,99744696,93871160,460088,94583448,5756672,96492264,94497792,6453614,111489152,119135896,52841872,125074928,129403720,55659728,131869632,94922384,603823,454275,35457236,112081776,33096636,37942720,113614872,36098856,100258104,492632,443843,7444116,103579472,5300076,6238747,109449008,6675673,56421008,135000768,54464516,50108856,137934352,52101100
4348,,,,,,,,,,,,,,,,,,,685439,29245,744502,757357,25863,772273,,,,,,,,,,,,,,,,,,,24925,662296,,26386,724290,26451
481,526345,611843,,64723236,25076974,56702960,55595416,30192772,60712168,343567,316451,,410450,,447137,465812,,384998,66297976,22353568,67566624,65306792,26397684,77394056,746443,,,28498504,70707944,24015094,30112802,70151952,25326216,372550,,,,450694,,,456465,,24563332,60658532,32355076,25895654,84391064,21062160
5790,4720344064,4665134080,60340,4686660608,690789440,4685121536,4840858112,759540928,4780210688,4718116864,4587968000,82986,4567827968,266808816,4698334208,4621158912,329067648,5036967936,4887327744,456869024,4967567872,5060482048,421259744,5024034816,4823372800,65633,49417,685406336,4693406208,761740032,681371136,4939850240,775952192,4529120256,82540,83376,412202240,4796022784,260301712,319744256,4830215680,326824864,549577728,5281427456,435963200,389633824,5251132416,411985600
1421,,274613,,,291318,,344173,317972,,,326225,219810,209406,,705704,457382,,366459,258766,,424361,340247,244424,379330,,,,,,276955,352686,432298,,214060,,,,264671,,,479180,,,1005494,350252,,317339,290146
4311,576273,523790,,574655,1319086,529425,587979,1610562,637149,312263,290471,,364887,469101,298729,271934,588781,351704,319934,757279,326418,346161,797557,348289,601832,,,1299385,542477,1234162,1287185,548885,1441211,277565,,,804060,296307,510977,550808,330762,634650,898101,397525,810072,656466,392626,731964
67,52600196,51955796,,58154816,5086264,54835868,57918708,5551144,52769748,54899772,54777204,,52823288,1117861,54742868,50823944,1298024,53453112,60484924,4038420,63119444,61199864,4754546,63825296,53384608,,,5320492,59869412,5634203,5192825,62520472,5318204,50774652,,,1561124,52986500,874588,925841,51362584,1081454,4102798,65627048,4720155,3799204,68930432,4240926
448,845212,868786,,4348360,2494339,3082734,4023693,2458137,3264550,,332882,,339845,586486,227128,123303,737084,286767,3838946,2381759,4836342,3980093,2774982,4241841,690673,,,2523851,4528362,2482126,2609632,4543495,2554819,265147,,,802513,235029,439199,441975,,582075,2916751,4508028,3295575,2356484,3837417,2395959
3985,6614112,6749203,,5744509,573615,5724877,6022113,539379,5479333,6905879,6331958,,6721956,54705,6798758,6294143,74923,6940794,5480051,98665,6552885,5787277,112869,6097527,7171030,,,594844,5668669,535844,539016,6223975,423479,6430940,,,87980,6620972,49146,62565,7157918,82227,123894,5787498,90514,116455,6399296,109610
78,,,,41295,160304,,65463,169008,48269,,,,,,,,66003,,67777,194653,86110,71352,116979,85810,53389,,,223427,80856,181839,181874,71021,207912,,,,78261,,,,,,201409,134066,165134,129723,79125,142481
76,156770,109584,,201805,445231,105501,162687,249375,152065,,97813,,106319,105971,,,172187,212734,,474161,,163620,245910,,139399,,,298346,150187,402085,360997,151666,406719,98337,,,197694,,263280,164888,204025,199789,266773,277624,397399,365665,119507,271433
278,,,,238138,502351,,224716,555347,179723,,,,,182863,,,160881,,,221349,145359,,287291,158315,154688,,,613919,234147,508834,555084,240439,644916,,,,257245,,150242,189293,,219105,440811,104567,317864,281171,101484,281643
347,2053049984,2095760256,1712004,1671989120,550050432,1728264448,1782870528,576441984,1744975104,2128650752,2055761920,1617543,2092706944,117956240,2117760128,2135468160,133349728,2316409344,1491838336,814281088,1436421376,1619303680,875079040,1551302528,2102345472,1886813,1749787,556392448,1912043136,610292096,580710144,1890480256,545536064,2177143296,1929665,1770257,164411376,2233751808,115204720,126502176,2308036352,145026352,914376768,1693650944,1011512256,874237056,1623465472,845516608
256,64383,41048,,49158,50569,47969,36402,75744,54944,,39055,,44891,,44734,,,33784,23688,47964,,52159,,50190,,,,77297,,76149,67112,51128,53082,,,,,51393,,,,,67088,35560,,,37337,44006
252,1541977,1716340,90216,1666152,731398,1897830,1658261,779179,1607139,1717511,1630137,68917,1362884,353330,1395241,1581652,373345,1599225,1740611,490193,1682662,1715050,500625,1764442,1860941,102645,126397,858931,1744659,837372,817484,2079954,843370,1629097,88651,121795,419494,1692163,374788,343676,1496143,329453,633534,2224709,559710,601170,2016802,473023
1180,17156468,16484328,,313491392,136180000,219831632,253804704,122858024,271123968,8012522,6935983,,12514513,18677460,9436228,7663458,21186670,14482145,125296920,243140880,143931456,154280624,51749052,141690944,17948950,,,242693120,179369584,186217136,128293416,197868464,182834976,6451445,,,28094060,7841544,17582162,19822034,7597397,22220894,67170264,223796992,100179632,58769280,138168656,40464500
300,1735836032,1701109248,2215766,1322036224,331518304,1342614144,1398256768,355505696,1360017920,1772974976,1694903680,2485891,1727947264,45464984,1729161856,1652677760,48953196,1859874560,1182835840,477384160,1163217664,1313988864,556433728,1231167616,1708014208,2593268,2584722,358380672,1512172928,381762240,342552192,1450556672,333553504,1739440256,2649006,2615351,61714808,1775550080,39505148,47306764,1768504576,54176140,585193984,1344757888,682192512,533206400,1235967616,533400864
820,718409,945720,,817853,,545803,409082,,300867,612542,641995,,480836,,677881,619218,,537362,211548,,259923,250301,,508206,853182,,,,263089,,,340756,,471429,,,,213152,,,472730,,,341033,,,164602,51932
1500,8367839,8234568,,2992771,623886,2990505,3023809,780533,3628337,7667862,7595308,,7350388,477548,7731667,7419459,618682,7789697,2578224,485476,2707510,2755237,417032,2736591,9180851,,,532747,2966536,669803,674799,3171872,714388,7114336,,,561216,7198661,610550,504250,8343750,478555,,2623822,433990,429155,3409518,571126
99,628869120,602413824,1761214,668913408,100868264,634120832,707901376,117716608,665555008,675310976,596591616,1019910,641342400,29887658,638199872,655817088,35978696,725270912,678062528,120506128,700372736,715156096,120146240,727320448,659383872,1826524,1631556,123506424,784540416,127794360,115003872,768669504,117179472,684329024,1699453,2294846,43745124,765703744,31630868,32883136,722088896,31911964,121950104,796350336,153201344,131466024,820492800,113249744
1385,489843,505038,194964,7113757,1071902,5353195,8069289,1361222,10298576,353540,316722,145244,426771,211716,378366,585769,170410,558405,5529826,4111219,5974454,6535301,484235,6411694,487688,78296,168198,1600714,5961500,1404638,1618496,6938460,1815368,325177,59078,,354300,322317,225867,168090,408954,236009,1751898,6689342,2465958,1514418,5966684,1006683
1601,193087,219964,98642,219505,88134,356419,254188,351606,238107,541106,495712,91626,571236,88599,532193,504280,107631,449005,511888,129609,456757,428760,112240,458053,227996,113821,89328,159978,147222,122371,96067,311642,143451,404320,94790,102294,74640,478201,94935,96711,431648,86030,96407,494026,105123,109357,457530,106390
1403,548776,562045,126431,1015428,596529,961091,1068095,603289,873012,622424,538064,195038,894406,434634,763706,516209,364034,612260,986416,740965,1241724,820636,493349,1256748,489826,187021,148174,582181,696957,682346,691795,1074335,637559,499757,279189,202491,445850,481194,318729,321551,536413,326625,593906,926209,504873,458801,675048,504629
1236,364419,368062,204620,113718,142561,160725,156979,179789,108821,425342,403548,243133,451749,192773,342008,369082,188352,483441,78431,175358,68024,72462,172673,66366,355077,187302,194285,150623,151755,145600,164506,160400,163696,345899,188451,,190963,329182,214419,202825,313288,207882,168492,71027,176398,149026,,160808
1288,1043143,988498,,1962880,3051549,1601275,2138448,3323876,2669189,473669,382789,,689208,1076775,460067,468172,1232144,607418,1570043,1937405,2149759,2086557,1878601,1732259,991255,,,2795927,1936103,2781018,3019830,1856377,3516327,389376,,,1634032,441693,1067029,1226633,505560,1231089,2189115,2256813,1814303,1778864,1905865,1781293
4766,2273391,2347647,62118,3145867,129160,2402001,2786913,159333,3237960,1615837,1513268,102772,1736383,59576,1852224,1638347,45487,1661041,2093843,328489,2426736,2122032,496506,2286346,2321831,103111,41201,174513,2397501,162239,187210,2552466,179332,1389058,,,81560,1460176,50882,118696,1655005,103718,380772,2445869,521229,439509,2331899,666573
1289,386333,,149221,290721,279717,791496,262514,413492,290171,254297,,,,,,,,,892270,386632,997335,796922,394207,936088,83255,163384,170411,229788,,270889,416540,145124,288303,,,,,,,,43398,69702,372708,814253,447501,457204,723070,410343
389,776983936,770925184,56160340,612986880,209192144,628213888,637709440,232720656,636345024,782914752,782288576,53015472,771185280,65820344,775832512,763286144,66416568,918842624,563675456,327680416,533291136,612918016,333748192,610649792,777526784,58302752,57917324,221700032,694943616,233747536,222251072,699268992,226219728,791373760,58136264,57956364,74465056,828539904,65282656,68212504,896200832,68178944,378107872,657185536,389821728,334285824,606139776,341335776
394,70084,,,,382496,,,436413,,,,,,179050,,,187841,,,220452,,,205500,,,,,417333,,352255,403637,,479031,,,,258746,,165871,203833,,193608,282056,,190852,155674,,232817
395,26728352,25774832,84261,23250432,2938533,23581738,22987036,3943939,22517088,22000604,22726426,92724,23093516,1760176,22247544,23142292,2236685,27521018,17437376,5238483,18191564,18489084,11600679,19154208,26576706,109634,118879,3089638,22425636,2978918,3354223,23017004,4951715,23765734,98227,105218,2131733,24986312,1937247,2942233,26651276,2507911,17337272,18281348,11121431,12226346,19492192,16488154
4895,1698648704,1658142592,283308,1525492096,137787264,1538588544,1532791168,165405344,1486409856,1537177856,1585713408,307158,1523602688,597026,1528025984,1519354240,197880,1733863168,1448205952,282821888,1538388096,1481341568,385840032,1539444096,1646663936,,341865,176129936,1578486784,203466720,172585328,1612971520,163864560,1617301632,124641,174155,296011,1595308672,,590131,1683681664,238855,284867008,1553930368,366679520,445082880,1501047168,337611616
366,222171,243711,,298457,191704,332700,323657,205507,284326,260140,224897,,258870,,267114,248804,71492,246863,238980,138711,245251,221553,128980,205366,267049,,,158167,215795,163962,171797,256639,243895,251580,,,105405,238272,61313,78499,271147,99657,147542,269048,122006,114978,257183,123732
2106,10688814,10793214,,11061545,1698577,10965684,11209952,1956197,11995098,11317858,10641084,,11450178,594280,11379040,10790482,673314,11509480,10825951,1329230,11438046,10992958,1253344,11333789,10930426,,,1666237,10240326,1706905,1765652,10920307,2023819,10062959,,,863057,10544593,529022,652781,10827455,694414,1406362,12044039,1234960,1138489,11370709,1090144
30,273128,189882,,494453,388423,440857,507228,422178,572280,191615,193740,,299986,,255024,240912,,280598,540770,398780,540905,480051,225533,540213,253608,,,475297,491021,430203,408392,503360,544005,151397,,,,152735,,,216424,,279281,547102,252975,247727,540492,207874
454,6659762,7345791,,1003096,365591,2025738,2367899,388874,4553727,8689969,9111512,,6303675,,4815431,4720733,,9783756,10259893,1703821,7766294,7387306,1133153,8069572,6116973,,,548041,4617654,508398,340020,4451578,681595,9637701,,,,6995294,,,7848916,,1693379,9924968,1972390,1082889,7777333,818125
40,442167,419438,,412724,167681,398583,482959,228283,556650,218954,284093,,264324,43703,226011,182560,,357586,772322,152539,572336,550173,141545,492902,329300,,,204939,673951,189887,204131,493568,284243,339781,,,75541,301348,,122277,321233,78673,345833,821345,201321,229367,652207,198660
411,32198374,27790340,,5987566,481050,9573232,11963643,884729,6434083,32193620,37993996,,38063584,437235,38710024,23284808,846063,27434576,14307326,663186,31347108,15887380,640945,19889016,33411218,,,629573,20257396,882831,500142,18307732,829740,28771332,,,1198583,28344218,906419,395570,29161640,700713,834298,31602356,1274729,1167627,19519444,1313837
1367,115749,98767,,2791728,597630,1980336,2545355,644279,2487123,,,,48412,,,,,,4125806,936045,5071375,4282724,718927,4853056,,,,686232,2224439,622858,739338,2582573,848428,,,,78411,,96280,,,,751972,5753525,773473,794100,4860333,626995
45,,,,114905,,122323,166747,,195521,,,,,,,,,,85134,125952,78705,82225,29768,90665,,,,,99018,27763,31178,144151,39641,,,,,,,,,,48671,82067,67130,44106,89814,
46,203852,633115,,1152934,1537909,2480147,3042736,1996236,5508244,,,,,,,,,,8815905,1914394,6508006,6588842,1191110,6040008,,,,2338267,5160944,2644064,1653676,4875495,2832662,,,,,,,112439,,,2201142,9020289,1926435,1093937,6221045,944945
2,635321,889225,,336680,730275,568765,540355,967445,773062,845370,1091359,,634525,94708,444910,483095,152213,996508,1699710,1162647,1242350,1464843,907870,1296708,592374,,20362,1096408,594050,880414,1101967,689532,1243180,1054326,,,260208,783629,104686,,734221,259142,1127286,1611366,1112396,810056,1443295,965062
70,1020292,992287,,347201,34800,482334,582860,,867398,1216228,1235529,,890652,,775827,721518,,1452826,1866340,67786,1582912,1334162,,1362612,928692,,,95599,915928,,59381,912363,111754,1421779,,,,1045085,,,1269381,,,2047469,,,1520076,
301,262325,369115,,238713,,264802,304201,,190900,178638,230728,,180404,,232440,352999,,243026,169721,,154418,167265,,264802,269396,,,,144346,111349,,310216,,207659,,,,203136,,,269825,,151329,263665,,,159733,124284
390,91182,115006,,191119,190109,189701,208334,244778,219022,136277,136958,,146251,,131153,118870,,118830,140617,251105,137419,152911,76625,142208,108554,,,321017,193895,229703,201070,186018,283888,119030,,,,128984,,,168926,,104191,197537,172838,88531,169938,87566
134,119084,148997,,94282,,109165,109813,69644,101150,114547,177103,,143598,,122629,146261,,117526,188449,59641,194270,168730,,135262,163308,30372,,,203499,190935,,140637,,150268,,,,106993,,,167853,,51671,214685,,,168578,
460,1409365,1907646,,169436,467355,297216,315111,475509,617437,1953681,2259314,,1340163,,1082449,1044106,,2152191,1281126,1096464,857727,1073050,458944,959905,1227018,,,1002186,647950,894090,539921,639816,909904,2064483,,,,1486314,,,1628111,,620017,1205477,545652,473547,991871,347906
492,5799485,6665182,,4201536,1687809,3949188,4922359,2191122,6835324,9797210,9303146,,6284527,,5093952,5250215,274912,9499520,13026728,2240481,11774526,11674556,1579298,11195870,6680199,,,2367105,8179112,2018249,2153392,8143784,2546215,10492854,,,174112,7691712,,,7848379,,2535796,13779512,2022773,2403142,13395424,1382636
10,301218,332518,,476636,744482,314679,429549,952955,478376,281232,329247,,196716,249527,266266,141574,200995,369622,558175,521241,751254,421360,328073,531887,317155,,,959643,694840,802286,855975,560111,1012963,298874,,,313598,165690,305985,250776,296238,240781,516646,666751,500181,447772,551757,398313
17,4111040,4127356,,4025213,202484,3743046,3903277,249195,4047598,2455796,2543951,,2962686,,3034376,3024179,,3099869,3237859,150144,3159898,3371010,109954,3208635,4190873,,,219558,3776200,261176,152271,4122788,208232,2461078,,,,3100487,,64311,3390794,,123608,3359448,130555,141813,3666834,146876
392,,,,276506,368157,226232,283139,542301,251314,,,,,,,,,,181747,412695,194445,187615,221013,191763,,,,546850,240237,425673,500481,286926,561069,,,,,20367,,,,,310590,278094,349800,314291,218002,276358
217,81818,102750,,80569,,73800,100834,,88779,95867,96967,,117652,,80834,69202,,111802,113952,,113973,108503,29243,89299,89716,,,,209174,,,141770,,89622,,,,119895,,,92224,,27915,150691,,34271,176128,
4056,,,,188906,295678,150697,151725,380669,164731,,,,,,,,,,122404,308870,107302,132572,203101,131213,,,,339435,154635,353172,361247,177365,420126,,,,,,,,,,287535,195792,234856,210533,154123,225962
110,581402,951399,,1420808,3024358,1168716,1453019,3450247,1576244,,,,,770776,,,894820,,1195738,2004071,1226613,1436363,1945265,1080255,685728,,,3027075,1119735,3100831,3162356,1471671,3695837,,,,1215316,,757342,841449,,980002,2310269,1801833,2067162,1905095,1192126,1729956
108,1044154,832142,,,1500801,,,1648714,,665512,,,,552674,545726,766569,775312,,,685750,,,393998,,1135385,,,1673010,,1526398,1599928,,1781000,647079,,,973614,,429727,375570,777986,719343,996701,,572509,621228,,726300
5254,3775274,4199469,,3728498,119503,3637010,3497927,116632,3853087,6377741,5858673,,5089663,142998,5011468,3923620,107810,5609728,4517633,113477,4937400,4411177,95037,4327264,3026896,,,165193,3606708,112506,129605,3554286,98576,5568491,,,124455,5467148,81793,109025,4232939,115157,168124,4732419,161263,121715,4802216,115552
4161,657493376,662728832,8917892,1362742912,2978934528,1315575296,1339022720,3212902912,1523649408,329224512,336885216,3321895,416996000,1927250944,335885440,349924512,2075578752,417656672,1164644864,2197182208,1033413312,998750720,2227786496,1039885504,682357376,,,2922162944,1301616896,2878616832,3004444416,1364363648,3232032512,337095776,3164386,,2309122816,359182880,1852729344,1817562752,386976704,2123960832,2477558784,1196593536,2194614016,2136608128,1076341120,2169312768
4158,1319983,848767,,,10480633,,1816737,9179102,,,,,,4724655,,,4698971,1371653,,4304248,,819780,4918782,,,,,10348286,,10801221,11509442,,10540405,,,,7187543,,4231089,8441714,971984,6039380,7709621,,3852076,5792169,,4692750
206,1252578,987558,,1323654,,1114084,1242573,,1002018,880795,876186,,886488,,885674,1032546,58421,1169317,976375,,1183743,1144930,71976,1251036,1458041,,,93928,1718985,106065,,1437035,,1270303,25511,,,1489086,,,1139740,,,1219015,,60751,1405647,
442,96615752,87209152,1328117,149503488,96469984,136822464,150002592,120301896,123937152,75561016,74292048,1158848,81786448,20727852,85046056,87088712,23711640,103589544,122699368,49300796,130721440,125000776,51834452,134971104,99324120,1422325,1434810,94466312,178043152,112111040,106799584,173509824,112958104,87126800,1361307,1320961,30910792,118881480,22399854,27192788,100945048,26526772,66261508,150952496,63750536,71185272,145284352,55608080
4070,,,,133778,43987,110714,154526,41469,140155,,,,,,,,,,98212,40525,119245,102977,25431,107753,,,,43184,117679,54873,43123,118738,49306,,,,,,,,,,36136,146279,29401,32261,133756,23343
4394,5753770,6123045,18748,5548721,600979,6298991,6070939,662640,5422012,4743072,4950242,,4862867,207962,4865666,4575993,234786,4929254,4841628,380109,5297265,5193757,379700,5542022,6174360,,18147,647391,6059755,667376,638844,6142582,687596,4741969,,,327054,5069854,203538,266752,4939394,228975,468909,5497433,389271,369328,5997789,411415
1441,229416336,207957200,172367776,248503104,204916224,202924448,231519632,158474768,244294608,237383872,267005728,215139040,297231360,224301104,266575616,210398000,224841328,306128672,275632064,277678784,321131104,310026624,226145648,238487824,276630592,237498416,257499584,370039296,391909792,367230144,352597472,355608544,219535648,258891488,232590816,303782432,351685824,415535488,309933856,277714624,240179696,152130832,257076304,359130560,304690400,278246848,335695744,290829600
2985,986972,925631,,1517366,1688662,1456207,1511628,1297261,1818889,694189,670827,105611,845996,680704,725368,680112,812071,796352,1188654,896950,1049184,1158545,843430,1093491,768744,126439,128323,1407063,1006566,1117893,1171271,1258184,1328104,696649,,,780935,709095,490331,849453,663238,994160,1366426,1490457,801074,803438,938219,876504
4191,80199656,82373296,377144,78335752,10767093,83668040,82515504,10380412,90101648,85528208,83340520,557190,78583504,5161335,82054912,88646192,4909009,90129936,90387200,7147422,86606760,100195216,6853524,94313776,86612832,,630799,11302373,87270688,11096246,10563556,87040960,10160394,90300568,411861,465598,6631165,91540128,4423435,4649063,96360432,4863047,7307735,91349600,6601137,4995487,103784928,6630852
5810,59710112,63914640,,59673236,2889599,60493428,63503368,3177270,56661620,64461484,64187896,,66587576,1030276,64718944,63962792,1358673,64931168,65280896,1978848,65795896,66581728,1642696,70981536,67364592,,,2703654,59564016,3163862,2642215,65739980,3136784,58974320,,,1656779,63095704,995328,1190926,69765944,1246759,2226572,68878904,1796480,1515429,71107528,1615888
180,112852,124423,,8488267,1492758,6294205,7605594,1765117,8326803,56277,73427,,120583,54475,90058,76445,69976,85069,14921852,4991922,14079992,16131002,4942905,15119975,112495,,,1601704,8482505,2041591,1634213,9011651,2000414,71889,,,90837,79340,,74378,88633,72125,5802576,16365546,5659699,4711196,16417856,5045761
1131,186597,147116,,184528,243563,161826,156603,270957,177226,108787,121390,,121225,92412,107810,94594,115904,148064,124413,138482,151395,156704,147905,136714,172987,,,235862,180547,252030,237018,206269,245465,117544,,,155173,125802,72425,85245,130834,118789,216030,147273,161637,115674,177558,139590
133,1358664832,1362272384,,1228615168,260333120,1233989888,1254855680,303368128,1213226112,1371589632,1350665088,,1326513152,45620184,1340139392,1272462976,52999600,1462051328,1259951872,330460064,1286333184,1302831360,409737728,1329818368,1365030912,466551,584567,293086656,1372668160,293033472,275290304,1364323456,291948256,1362351744,,,63469976,1375578368,41665228,47407956,1395661952,56874272,385270176,1418785664,427898112,372129216,1331207680,377562144
144,213464,275570,,361603,654912,377257,292333,685397,358694,239874,,,173193,372652,124099,152691,411008,178372,275615,570252,277465,222295,395940,156882,315392,,,516441,288327,740889,515438,320803,807329,137518,129074,,421420,191371,233763,209212,137499,412364,636618,283826,610879,422426,178960,382442
1400,5479185,4553332,1089198,6939176,301189,6307525,5904836,288794,6267949,4898247,5142048,1159445,5081731,836104,4926787,5391257,809098,5909644,6066715,237129,6698516,6076398,268582,6432741,5125082,1230135,1137566,332248,6910160,354333,311118,6911285,345576,5284554,1180156,1423593,997110,5110247,791946,966678,6060604,894884,284889,7514032,216884,267321,7490599,283901
2141,,,,908710,95586,643152,805207,109604,748558,,,,,,,,,,756195,121321,885579,678749,124306,869193,,,,86028,770580,106750,92563,917033,139718,,,,,,,,,,118107,952478,165854,121353,862131,113608
469,90949,163480,,,324418,125501,119788,416211,156595,,,,,224013,,,254370,,48419,232099,,,249039,,257583,,,316676,,,404622,91735,265930,77530,,,361121,,109547,165806,,249438,,,345188,449737,,343122
450,371868000,361967104,942501,402025568,336775104,408531840,326817952,365424832,378784384,352867616,461323680,883034,362113344,56021780,377558432,391739616,54383788,386796288,220973344,555171008,198512432,213557728,535803680,199725520,369105408,644774,766574,449712928,382088256,401674912,411168288,375743264,418103200,363678784,842020,1005459,63205592,377350080,48166824,55354156,393244480,54273704,543731136,251019680,555229248,467970976,204408160,494144768
1701,433126,411397,,1881300,771758,1453682,1980640,1148439,1649081,,223004,,447971,,,,294061,288590,1919992,921188,1801257,1754371,1223040,1553635,,,,879101,1099559,942530,918156,1878710,962302,255552,,,367015,,256731,307248,276169,368753,1320315,2550085,1120552,1198731,1494758,952576
4084,,,,351727,932546,253971,306423,984384,384323,,,,,142908,,,146574,,231004,888822,267209,265029,719218,272660,,,,1147126,283056,1051366,1118005,286293,1170714,,,,185871,,158700,172283,,190483,968671,352158,769006,705489,206364,732844
491,145089168,146536496,,127397552,7090852,134319104,133247488,8381577,129040512,148032624,137771360,,139787328,2869364,142462896,137274464,3351360,158818384,136701552,6232091,146884976,141950880,4839091,145133056,143470480,,,6400794,143401552,7788851,7574542,148176128,7179084,147647376,,,3595849,150473264,2578224,2750059,154654304,2814948,7771914,154120704,6472829,6815213,155590800,5816737
4303,1244791,1528752,,17344288,6701425,16017700,19306292,8206458,17322232,4302359,4351865,,1991574,433688,2027288,1705814,,4412711,20928916,8621811,23483864,23007206,7511930,23973360,1463694,,,7407877,18691212,7356820,6258776,23999726,6671315,2562205,,,648743,2297591,242925,299595,2415236,,8991242,29388764,7901359,8819344,25737400,7827587
4300,406356,415830,,2977961,367481,1302885,1332396,391839,1116173,188032,287817,,308083,141140,305537,309041,170608,463523,1231730,268996,1294319,1169977,316969,1569786,465833,,,397934,952245,311902,368749,1099035,414038,399519,,,272371,431636,143042,189509,435416,228712,471716,1485414,300658,298824,1329269,280305
4304,219021,181718,,223660,157077,216561,244817,189156,250699,209108,191985,,236418,49279,210703,227071,63828,249288,264101,99805,275555,267637,139669,274975,213421,,,144131,218616,151730,148574,223152,159545,199406,,,81243,229647,51874,58873,231516,69846,131373,283609,96971,87198,307998,98510
4298,501364224,488761824,,422927680,31754028,438542720,445195424,35394904,446129152,483329696,492375200,,501932896,12824561,501243520,485917984,15502886,570157696,478786592,26581224,549149952,513470560,25632522,538917504,496768032,,,35413768,528855200,36602704,34045080,506511904,37563084,501962752,,,18252456,496536832,11028017,13197176,551729280,15540953,29065954,504490432,25350644,22479640,508542144,22437468
52,1812272,1437575,,4542801,3797778,4300300,4648071,3703213,4253622,689319,971170,,1458271,973220,1223147,1007859,948338,767489,3817386,3170348,3848662,3731834,2640442,3682532,2115691,,,4390630,4774379,4157842,4192901,4839130,4403930,1585429,,,1307751,1252826,919937,1552704,1533964,1471413,3540681,4670561,3113214,2686353,4084385,2362745
1179,56092472,53744836,,29071680,3811175,33793800,34489124,3562346,33170018,56586744,52246348,,55792384,533718,55829472,55055352,550378,58282552,30048802,5202954,30708338,31556258,1445438,31244964,58246848,,45735,5405299,33335278,5207544,3473190,32291734,4368314,52510208,110360,,646506,54786464,435808,368741,57547944,546595,1811920,30194260,2732747,1694979,31770434,1216148
4282,251779,220228,,119378,,126622,144307,,109549,204345,182598,,251429,,245937,182042,,198803,141451,,98058,,,144322,212242,,,,110962,,,,,157153,,,,176398,,,212826,,,89337,,,115761,
4187,1512123,1654475,,1266890,53145,1287022,1300484,,1429545,1506512,1500541,,1450613,,1175300,1259480,,1786148,1287175,87510,1534169,1459018,,1421543,1490384,,,92808,1579011,69011,,1558881,,1472123,,,,1553978,,,1607164,,63824,1481720,,,1510479,
1203,1007499,733775,135213,1090557,451956,690856,1058466,364622,836898,680182,646735,,1143020,235671,730807,573863,305034,782033,758887,470447,684922,1029226,480446,856524,944086,123700,357025,453216,825053,462977,492841,1265420,789499,442083,96206,132808,175722,670032,370665,267084,371405,181707,496455,1225196,315793,529638,1070620,328333
1227,3428395,3206729,937624,3104548,1456102,3358151,3306315,1581562,3196451,2992660,2986853,902996,3556282,1280146,3058525,3109312,1157538,3301738,3225696,1421220,2044265,2311666,1674343,3309010,3460538,1126686,1136344,1510258,3536888,1535353,1504747,3518669,1498791,3513120,1151984,1084818,1234129,3716975,1135826,1259518,3756837,1448776,1581494,3314921,1574460,1944267,3555516,1638584
60,924186,903199,,6855477,1360403,7011900,10552168,1565472,9950867,766764,547556,,795810,,637005,669259,,1025427,12298511,1370552,13597394,14521994,973423,14059856,812066,,,1186227,13837857,1988277,1584318,16909164,1343741,810262,,,,778368,,,965819,137238,1413787,12452365,1711181,868249,14719250,859479
393,,,,54434,319410,81847,,312838,,,,,,96632,,,108307,,,132252,,,112100,,,,,292488,51651,294725,258463,46122,375998,,,,136070,,77200,74883,,101702,245858,,164147,109180,,164654
4,,,,48115324,19944160,33278984,38944356,19819330,39366916,,,,,,,161920,,,71266928,106737456,79436176,80029256,114902664,78635840,,,,27103772,48749100,19626306,25191016,40452648,28546450,,,,,236820,,,,,112792672,88928256,126132216,105212344,86456360,98039784
9,226414480,223945728,228155,198441072,40309700,199717376,198008288,45672040,200506064,226868464,222402432,201021,222280400,8085766,227049696,216990688,9550053,248452464,214340928,52960992,226168720,225628080,65072692,240151984,223546192,250064,268842,43490364,224095968,44319228,49700488,219828224,49565816,225348304,220875,220458,11454246,231548896,8372917,8615164,250579616,9539693,64660496,233130816,67802032,62085952,242512448,60092104
499,,,,1288947,2299268,1136329,1143663,3433795,1261728,,,,,,,,,,969405,1579540,1018835,1169801,754730,1314972,,,,3035648,1254516,3103858,3674222,1666494,3680517,,,,,,,,,,1782125,1326330,1621357,1399921,992532,1368479
1445,316567008,293907968,230734464,375796416,288942848,306914976,362492672,205401728,392712064,345686592,423001024,309813120,503673216,348537312,416507008,280434592,343830368,459040448,434366592,456112960,569752576,525215072,345168448,368780448,417146880,370603808,444596704,663982080,805504384,674422528,644870720,640989632,318525024,392846176,347813728,552064320,629301120,746644864,539822400,448433696,335732768,194832416,386214816,688219328,530485504,482273984,569307264,437116960
5714,113701080,116156600,83556688,109417152,95686832,112752400,113989608,103650720,106458768,119308640,120826400,84250808,115529464,79423360,114930504,114437976,91146432,120223864,116533976,90764184,123278568,126019008,85234944,125457704,122877752,88764976,90534912,97117624,111757200,100356384,99558368,120072104,98886416,111716192,76690752,79903472,90507256,114635184,92414592,86687072,124355448,93685856,94123240,128484552,94357288,87314552,131545240,95440824
4878,1432364,1194422,,717943,,846840,1082278,,749621,1435688,1253374,,1399695,,1446659,1267034,,1205056,780470,,1375429,1210041,,1586840,1565347,,,,903823,,,914737,,1124605,,,,1158874,,,1500215,,,799807,,,1326940,
426,,,,179570,86359,115311,127292,73477,112300,,,,,,,,,,52884,53196,54823,,44441,46992,,,,53857,155492,66131,72006,150307,51619,,,,21553,,,,,,84209,110701,74167,49450,49372,62264
4273,17722692,10783316,,62411344,146039,58894328,55958624,346335,51489192,20027990,19299836,,20369010,504103,19765652,23651680,625581,27478988,46395744,235750,66379312,44577632,242899,48260908,25429224,,,416198,72079992,529522,338298,73400528,335265,33438262,,,992227,36159536,634857,531666,29391642,341025,221820,77107408,261540,377166,53035312,391064
5857,42606596,42882608,,43121400,15283171,41521960,40356976,16066450,39231768,33295506,35914736,,54858792,7952468,52211292,51939984,7626053,57620564,67392952,38750128,60588312,60200532,35247284,60666112,44253908,,,17692284,46226528,17486706,16667640,45454620,19116212,34899080,,,10835088,53716440,6097826,5769538,60531608,7554916,40502448,66300860,39766092,32539936,61539756,33036934
4207,7025464,5947317,,7900889,902656,10401101,8849859,1448754,8976100,4669389,4738430,,5515801,227110,5042253,5921695,,5434978,8608396,819316,9373957,7513212,636578,7868886,6354910,,,963724,11128196,739044,959363,11287562,1084832,4699346,,,569371,5903009,581253,506617,5523361,151777,1027010,7662256,235876,669526,11336317,1052925
16,823845312,798039168,,675378304,56561788,689170880,719118336,67836088,630996608,796907392,713758656,,789153152,15171662,776369024,704539776,19498000,867058752,712473664,52585348,808621632,767580480,64660236,801694848,785390528,,634784,64105316,776226432,66667348,63076936,806728960,71145160,745632448,,,23828062,775233280,16391375,17178764,856192000,20812808,64104776,842790080,69449184,60917936,805633856,65816948
4134,951500,1219344,,521568,216623,451731,567600,232733,607863,1006312,1030628,,1089786,36107,1202709,1085587,28931,1227491,84644,98716,110835,120015,82323,95488,1117038,,,167599,421041,255342,216554,471620,200579,975916,,,59590,931657,39987,,1190661,49459,108674,130828,85641,94977,117510,100573
4137,72253,,,175335,128631,158543,397744,195404,206531,,,,,,,,,,260829,,120255,177965,,137676,,,,135774,173833,136750,143843,241795,165318,,,,95445,,,,,105063,,192554,,,187072,
467,4394260,4141265,,4897144,16110732,4508278,4573580,18074406,5199042,1921989,1798629,,2632553,6177936,1918927,1922706,6465785,2676252,2612850,10972560,2802662,2574318,10026867,2458412,4262266,,,18674808,4804038,16818152,17934868,4828261,20799268,1914549,,,8235495,2163202,5659966,6819903,2429344,7176342,13838561,3250623,10495473,9476219,2555102,9982638
2146,137647,161562,81949,,152690,150196,98520,233172,96142,175333,157816,,190737,87291,137911,153150,101441,170533,162865,150270,177590,167022,84879,,83817,100681,,193555,78230,189759,147778,163213,251599,,117124,,161923,137706,186176,125843,243529,240390,252563,237720,115205,146835,128895,154805
5827,25580582,23594736,,48060708,1642067,49018924,46907148,1883186,46226608,23032340,22959546,,21674882,691456,24356220,24118204,715558,19291976,47870032,1484512,55300392,51962400,1283487,54776948,28623968,,,2092025,56324656,2252108,1888745,55478612,2012666,25111858,,,721532,23807816,486269,458575,25010588,681515,1588056,50862992,1522993,2368703,56059772,1042126
240,299600032,286953952,169054,258277456,43656892,254873088,255049680,44834704,248414656,288153120,291609536,145658,273972256,8813187,283450400,294888544,9357772,329050560,279822112,29152472,290626400,276910880,43227360,307756864,306001152,175051,141672,48712880,292837792,47709652,45142824,285256192,44928168,310668160,182301,161392,11461616,328956160,7915028,8060282,337295552,9581899,37715752,315932672,37117372,32584200,308382944,38421864
155,544470976,485559776,,457101056,74936296,439435872,473418112,110019128,487639040,470423008,453768320,84342,506838720,21424520,526351840,489463296,28586222,508403712,450738848,113624800,582184896,487895200,154994416,557045824,559217728,,,106870344,621635776,73843584,111492232,567910272,128158752,531284672,90670,114442,35482184,494040288,26145698,29280886,568234304,29409338,122719424,471110528,171772352,96405040,488711168,127420944
4083,,,,187012,196257,177044,191530,233759,185414,,,,,,,,98249,,162994,131768,141314,169992,128351,188898,,,,205653,183617,229988,207976,191321,296553,,,,130007,,123604,,,,149582,213796,118749,146778,172645,133976
3995,,,,784255,2012060,566979,678256,2320591,678289,,,,,192029,,,241770,,1088269,2793302,1231414,1274170,2245651,1239365,,,,2969579,677781,2496933,2564739,579545,3310864,,,,282955,,193741,215232,,232545,2748395,1719778,2088683,2048520,1335918,2663948
440,1932680,1803365,,2943172,2080094,2482668,2890376,2651776,2971287,1364630,1451309,,1610004,551001,853315,1612118,650648,1744065,1872576,1634821,2720859,2723168,1143509,2479964,2031564,,,2467238,2928008,1968858,2078449,2885343,2692398,1526937,,,759123,1622502,454176,516915,2008585,519730,1321276,3068801,1289552,991697,2458942,1040580
4082,,22132,,4035855,3188297,2522934,3357553,3629759,3693509,,,,19905,,,,,,2115009,1429183,2470988,2042975,1886241,2214170,,,,4100624,2574447,2988409,3269966,2973293,2726189,,,,,,,,,,1305709,3102644,1247804,1242304,2300742,2375874
372,1243458688,1241597184,,1021914112,147094992,1087557888,1060319488,161608560,1056312896,1249432448,1294297856,,1225376896,24787276,1220061696,1217234304,30426380,1490994560,978715136,277670688,895650304,1036474944,311345088,999416000,1203162752,,,153640192,1084965120,168402240,149283760,1161757824,149967360,1204339072,,,37483420,1268303360,24020700,26857844,1353297536,30306008,344365568,1126152960,366908608,324054368,1038829120,311343200
3986,250749,271443,,2316123,4180472,1783047,2044435,4987788,2517620,134503,125455,,231356,268822,171957,164885,316202,240243,1412999,531625,1540476,1540632,442504,1658176,267644,,,4912508,1688363,3924858,4683793,2009097,4486409,126628,,,431810,182995,263688,294951,187426,326032,557739,2014488,405264,434252,1579703,459968